"SNP","chr.exposure","pos.exposure","effect_allele.exposure","other_allele.exposure","beta.exposure","se.exposure","pval.exposure","eaf.exposure","samplesize.exposure","exposure","mr_keep.exposure","pval_origin.exposure","id.exposure"
"rs10932612",2,216215102,"T","C",-0.21082,0.0119182,5.11564030007004e-70,0.577616,30901,"FN1",TRUE,"reported","0gImqD"
"rs17525860",2,216548760,"T","G",-0.136156,0.0147495,2.67116059884382e-20,0.203103,31569,"FN1",TRUE,"reported","0gImqD"
"rs615857",2,216576315,"G","A",-0.0892814,0.014637,1.06331024909636e-09,0.791706,31684,"FN1",TRUE,"reported","0gImqD"
"rs141094656",1,92753336,"C","T",0.238907,0.0429813,2.72257592593607e-08,0.0195137,21629,"ALDH2",TRUE,"reported","fUNYEO"
"rs1375493",2,182323766,"A","G",0.178081,0.0119117,1.55274450143299e-50,0.565077,31569,"ALDH2",TRUE,"reported","fUNYEO"
"rs9880192",3,128297569,"C","G",-0.0734046,0.0121708,1.62749626288917e-09,0.392874,31569,"ALDH2",TRUE,"reported","fUNYEO"
"rs149007767",7,50370254,"T","C",-0.323304,0.0164582,6.48037294192289e-86,0.149708,30077,"ALDH2",TRUE,"reported","fUNYEO"
"rs150640087",7,50444152,"T","G",0.287794,0.050392,1.12310406720385e-08,0.0141169,25010,"ALDH2",TRUE,"reported","fUNYEO"
"rs7785014",7,137881690,"C","T",-0.080856,0.0126231,1.50168900161469e-10,0.668332,31240,"ALDH2",TRUE,"reported","fUNYEO"
"rs2293889",8,116599199,"G","T",0.0696144,0.0121379,9.72814421095553e-09,0.600603,30792,"ALDH2",TRUE,"reported","fUNYEO"
"rs1991866",8,130624105,"C","G",-0.0805766,0.0120496,2.27771824185732e-11,0.582429,31569,"ALDH2",TRUE,"reported","fUNYEO"
"rs10980800",9,113915905,"C","T",0.114848,0.0142627,8.13204924654153e-16,0.22312,31684,"ALDH2",TRUE,"reported","fUNYEO"
"rs10774621",12,111817367,"A","G",0.112208,0.0144517,8.21674860976434e-15,0.215201,30902,"ALDH2",TRUE,"reported","fUNYEO"
"rs145488714",12,112059359,"A","G",0.607542,0.0189684,1e-200,0.102233,28135,"ALDH2",TRUE,"reported","fUNYEO"
"rs78834294",12,112783678,"A","G",0.419053,0.0412864,3.32047335797507e-24,0.021075,14140,"ALDH2",TRUE,"reported","fUNYEO"
"rs13333054",16,86011033,"T","C",-0.138921,0.01453,1.16627240508197e-21,0.211395,31684,"ALDH2",TRUE,"reported","fUNYEO"
"rs7212590",17,57885709,"T","C",-0.145062,0.020753,2.74915989655104e-12,0.0900785,31569,"ALDH2",TRUE,"reported","fUNYEO"
"rs17196752",20,48887268,"T","C",-0.152842,0.0147941,5.0815944256056e-25,0.20106,31684,"ALDH2",TRUE,"reported","fUNYEO"
