"SNP","effect_allele.exposure","other_allele.exposure","effect_allele.outcome","other_allele.outcome","beta.exposure","beta.outcome","eaf.exposure","eaf.outcome","remove","palindromic","ambiguous","id.outcome","se.outcome","pval.outcome","outcome","mr_keep.outcome","pval_origin.outcome","chr.exposure","pos.exposure","se.exposure","pval.exposure","samplesize.exposure","exposure","mr_keep.exposure","pval_origin.exposure","id.exposure","action","SNP_index","mr_keep","samplesize.outcome"
"rs10774621","A","G","A","G",0.112208,-0.18,0.215201,0.205312,FALSE,FALSE,FALSE,"X8sDEr",0.126,0.152,"GWAScatalog_GCST90435706",TRUE,"reported",12,111817367,0.0144517,8.21674860976434e-15,30902,"ALDH2",TRUE,"reported","fUNYEO",2,1,TRUE,NA
"rs10980800","C","T","C","T",0.114848,0.0493,0.22312,0.238972,FALSE,FALSE,FALSE,"X8sDEr",0.117,0.675,"GWAScatalog_GCST90435706",TRUE,"reported",9,113915905,0.0142627,8.13204924654153e-16,31684,"ALDH2",TRUE,"reported","fUNYEO",2,1,TRUE,NA
"rs13333054","T","C","T","C",-0.138921,0.193,0.211395,0.22729,FALSE,FALSE,FALSE,"X8sDEr",0.119,0.105,"GWAScatalog_GCST90435706",TRUE,"reported",16,86011033,0.01453,1.16627240508197e-21,31684,"ALDH2",TRUE,"reported","fUNYEO",2,1,TRUE,NA
"rs1375493","A","G","A","G",0.178081,-0.0472,0.565077,0.557661,FALSE,FALSE,FALSE,"X8sDEr",0.101,0.641,"GWAScatalog_GCST90435706",TRUE,"reported",2,182323766,0.0119117,1.55274450143299e-50,31569,"ALDH2",TRUE,"reported","fUNYEO",2,1,TRUE,NA
"rs141094656","C","T","C","T",0.238907,0.261,0.0195137,0.014839,FALSE,FALSE,FALSE,"X8sDEr",0.435,0.549,"GWAScatalog_GCST90435706",TRUE,"reported",1,92753336,0.0429813,2.72257592593607e-08,21629,"ALDH2",TRUE,"reported","fUNYEO",2,1,TRUE,NA
"rs145488714","A","G","A","G",0.607542,-0.203,0.102233,0.094722,FALSE,FALSE,FALSE,"X8sDEr",0.171,0.237,"GWAScatalog_GCST90435706",TRUE,"reported",12,112059359,0.0189684,1e-200,28135,"ALDH2",TRUE,"reported","fUNYEO",2,1,TRUE,NA
"rs149007767","T","C","T","C",-0.323304,0.122,0.149708,0.164091,FALSE,FALSE,FALSE,"X8sDEr",0.141,0.385,"GWAScatalog_GCST90435706",TRUE,"reported",7,50370254,0.0164582,6.48037294192289e-86,30077,"ALDH2",TRUE,"reported","fUNYEO",2,1,TRUE,NA
"rs150640087","T","G","T","G",0.287794,-0.452,0.0141169,0.016453,FALSE,FALSE,FALSE,"X8sDEr",0.402,0.262,"GWAScatalog_GCST90435706",TRUE,"reported",7,50444152,0.050392,1.12310406720385e-08,25010,"ALDH2",TRUE,"reported","fUNYEO",2,1,TRUE,NA
"rs17196752","T","C","T","C",-0.152842,-0.0205,0.20106,0.188824,FALSE,FALSE,FALSE,"X8sDEr",0.129,0.874,"GWAScatalog_GCST90435706",TRUE,"reported",20,48887268,0.0147941,5.0815944256056e-25,31684,"ALDH2",TRUE,"reported","fUNYEO",2,1,TRUE,NA
"rs2293889","G","T","G","T",0.0696144,-0.145,0.600603,0.566857,FALSE,FALSE,FALSE,"X8sDEr",0.101,0.152,"GWAScatalog_GCST90435706",TRUE,"reported",8,116599199,0.0121379,9.72814421095553e-09,30792,"ALDH2",TRUE,"reported","fUNYEO",2,1,TRUE,NA
"rs7212590","T","C","T","C",-0.145062,0.0757,0.0900785,0.077776,FALSE,FALSE,FALSE,"X8sDEr",0.187,0.686,"GWAScatalog_GCST90435706",TRUE,"reported",17,57885709,0.020753,2.74915989655104e-12,31569,"ALDH2",TRUE,"reported","fUNYEO",2,1,TRUE,NA
"rs7785014","C","T","C","T",-0.080856,-0.059,0.668332,0.671632,FALSE,FALSE,FALSE,"X8sDEr",0.107,0.583,"GWAScatalog_GCST90435706",TRUE,"reported",7,137881690,0.0126231,1.50168900161469e-10,31240,"ALDH2",TRUE,"reported","fUNYEO",2,1,TRUE,NA
"rs78834294","A","G","A","G",0.419053,-0.241,0.021075,0.013768,FALSE,FALSE,FALSE,"X8sDEr",0.45,0.593,"GWAScatalog_GCST90435706",TRUE,"reported",12,112783678,0.0412864,3.32047335797507e-24,14140,"ALDH2",TRUE,"reported","fUNYEO",2,1,TRUE,NA
"rs9880192","C","G","C","G",-0.0734046,0.0226,0.392874,0.414554,FALSE,TRUE,FALSE,"X8sDEr",0.102,0.825,"GWAScatalog_GCST90435706",TRUE,"reported",3,128297569,0.0121708,1.62749626288917e-09,31569,"ALDH2",TRUE,"reported","fUNYEO",2,1,TRUE,NA
"rs10932612","T","C","T","C",-0.21082,-0.248,0.577616,0.614154,FALSE,FALSE,FALSE,"X8sDEr",0.103,0.0161,"GWAScatalog_GCST90435706",TRUE,"reported",2,216215102,0.0119182,5.11564030007004e-70,30901,"FN1",TRUE,"reported","0gImqD",2,1,TRUE,NA
"rs17525860","T","G","T","G",-0.136156,-0.0214,0.203103,0.227413,FALSE,FALSE,FALSE,"X8sDEr",0.12,0.859,"GWAScatalog_GCST90435706",TRUE,"reported",2,216548760,0.0147495,2.67116059884382e-20,31569,"FN1",TRUE,"reported","0gImqD",2,1,TRUE,NA
"rs615857","G","A","G","A",-0.0892814,-0.167,0.791706,0.780363,FALSE,FALSE,FALSE,"X8sDEr",0.121,0.169,"GWAScatalog_GCST90435706",TRUE,"reported",2,216576315,0.014637,1.06331024909636e-09,31684,"FN1",TRUE,"reported","0gImqD",2,1,TRUE,NA
